,TID,CN,TW,EN,ES,RU,PO,DE,KR,JP,FR,IT,AR,TR,IN,
1,Canon in A,Canon in A,Canon in A,Canon in A,Canon in A,Canon in A,Canon in A,Canon in A,Canon in A,Canon in A,Canon in A,Canon in A,Canon in A,Canon in A,Canon in A,
2,Canon in B,Canon in B,Canon in B,Canon in B,Canon in B,Canon in B,Canon in B,Canon in B,Canon in B,Canon in B,Canon in B,Canon in B,Canon in B,Canon in B,Canon in B,
3,Canon in C,Canon in C,Canon in C,Canon in C,Canon in C,Canon in C,Canon in C,Canon in C,Canon in C,Canon in C,Canon in C,Canon in C,Canon in C,Canon in C,Canon in C,
4,Comptine d'un autre ete,Comptine d'un autre ete,Comptine d'un autre ete,Comptine d'un autre ete,Comptine d'un autre ete,Comptine d'un autre ete,Comptine d'un autre ete,Comptine d'un autre ete,Comptine d'un autre ete,Comptine d'un autre ete,Comptine d'un autre ete,Comptine d'un autre ete,Comptine d'un autre ete,Comptine d'un autre ete,Comptine d'un autre ete,
5,El Condor Pasa,El Condor Pasa,El Condor Pasa,El Condor Pasa,El Condor Pasa,El Condor Pasa,El Condor Pasa,El Condor Pasa,El Condor Pasa,El Condor Pasa,El Condor Pasa,El Condor Pasa,El Condor Pasa,El Condor Pasa,El Condor Pasa,
6,Deck The Halls,Deck The Halls,Deck The Halls,Deck The Halls,Deck The Halls,Deck The Halls,Deck The Halls,Deck The Halls,Deck The Halls,Deck The Halls,Deck The Halls,Deck The Halls,Deck The Halls,Deck The Halls,Deck The Halls,
7,La Cumparsita,La Cumparsita,La Cumparsita,La Cumparsita,La Cumparsita,La Cumparsita,La Cumparsita,La Cumparsita,La Cumparsita,La Cumparsita,La Cumparsita,La Cumparsita,La Cumparsita,La Cumparsita,La Cumparsita,
8,Bandit Radio,Bandit Radio,Bandit Radio,Bandit Radio,Bandit Radio,Bandit Radio,Bandit Radio,Bandit Radio,Bandit Radio,Bandit Radio,Bandit Radio,Bandit Radio,Bandit Radio,Bandit Radio,Bandit Radio,
9,USSR National Anthem,USSR National Anthem,USSR National Anthem,USSR National Anthem,USSR National Anthem,USSR National Anthem,USSR National Anthem,USSR National Anthem,USSR National Anthem,USSR National Anthem,USSR National Anthem,USSR National Anthem,USSR National Anthem,USSR National Anthem,USSR National Anthem,
10,Murka,Murka,Murka,Murka,Murka,Murka,Murka,Murka,Murka,Murka,Murka,Murka,Murka,Murka,Murka,
11,Hungarian Sonata,Hungarian Sonata,Hungarian Sonata,Hungarian Sonata,Hungarian Sonata,Hungarian Sonata,Hungarian Sonata,Hungarian Sonata,Hungarian Sonata,Hungarian Sonata,Hungarian Sonata,Hungarian Sonata,Hungarian Sonata,Hungarian Sonata,Hungarian Sonata,
12,Primavera,Primavera,Primavera,Primavera,Primavera,Primavera,Primavera,Primavera,Primavera,Primavera,Primavera,Primavera,Primavera,Primavera,Primavera,
13,La Ronde des Lutins,La Ronde des Lutins,La Ronde des Lutins,La Ronde des Lutins,La Ronde des Lutins,La Ronde des Lutins,La Ronde des Lutins,La Ronde des Lutins,La Ronde des Lutins,La Ronde des Lutins,La Ronde des Lutins,La Ronde des Lutins,La Ronde des Lutins,La Ronde des Lutins,La Ronde des Lutins,
14,Csardas (Czardas),Csardas (Czardas),Csardas (Czardas),Csardas (Czardas),Csardas (Czardas),Csardas (Czardas),Csardas (Czardas),Csardas (Czardas),Csardas (Czardas),Csardas (Czardas),Csardas (Czardas),Csardas (Czardas),Csardas (Czardas),Csardas (Czardas),Csardas (Czardas),
15,Slavonic Dances Op.46 No.8,Slavonic Dances Op.46 No.8,Slavonic Dances Op.46 No.8,Slavonic Dances Op.46 No.8,Slavonic Dances Op.46 No.8,Slavonic Dances Op.46 No.8,Slavonic Dances Op.46 No.8,Slavonic Dances Op.46 No.8,Slavonic Dances Op.46 No.8,Slavonic Dances Op.46 No.8,Slavonic Dances Op.46 No.8,Slavonic Dances Op.46 No.8,Slavonic Dances Op.46 No.8,Slavonic Dances Op.46 No.8,Slavonic Dances Op.46 No.8,
16,Duo For Two Flutes WoO 26,Duo For Two Flutes WoO 26,Duo For Two Flutes WoO 26,Duo For Two Flutes WoO 26,Duo For Two Flutes WoO 26,Duo For Two Flutes WoO 26,Duo For Two Flutes WoO 26,Duo For Two Flutes WoO 26,Duo For Two Flutes WoO 26,Duo For Two Flutes WoO 26,Duo For Two Flutes WoO 26,Duo For Two Flutes WoO 26,Duo For Two Flutes WoO 26,Duo For Two Flutes WoO 26,Duo For Two Flutes WoO 26,
17,Four Seasons - Summer,Four Seasons - Summer,Four Seasons - Summer,Four Seasons - Summer,Four Seasons - Summer,Four Seasons - Summer,Four Seasons - Summer,Four Seasons - Summer,Four Seasons - Summer,Four Seasons - Summer,Four Seasons - Summer,Four Seasons - Summer,Four Seasons - Summer,Four Seasons - Summer,Four Seasons - Summer,
18,The Carnival of the Animals - Finale,The Carnival of the Animals - Finale,The Carnival of the Animals - Finale,The Carnival of the Animals - Finale,The Carnival of the Animals - Finale,The Carnival of the Animals - Finale,The Carnival of the Animals - Finale,The Carnival of the Animals - Finale,The Carnival of the Animals - Finale,The Carnival of the Animals - Finale,The Carnival of the Animals - Finale,The Carnival of the Animals - Finale,The Carnival of the Animals - Finale,The Carnival of the Animals - Finale,The Carnival of the Animals - Finale,
19,Mariage D'Amour,Mariage D'Amour,Mariage D'Amour,Mariage D'Amour,Mariage D'Amour,Mariage D'Amour,Mariage D'Amour,Mariage D'Amour,Mariage D'Amour,Mariage D'Amour,Mariage D'Amour,Mariage D'Amour,Mariage D'Amour,Mariage D'Amour,Mariage D'Amour,
20,Etude Op.740 No.50,Etude Op.740 No.50,Etude Op.740 No.50,Etude Op.740 No.50,Etude Op.740 No.50,Etude Op.740 No.50,Etude Op.740 No.50,Etude Op.740 No.50,Etude Op.740 No.50,Etude Op.740 No.50,Etude Op.740 No.50,Etude Op.740 No.50,Etude Op.740 No.50,Etude Op.740 No.50,Etude Op.740 No.50,
21,Humoresque Op.76 No.4,Humoresque Op.76 No.4,Humoresque Op.76 No.4,Humoresque Op.76 No.4,Humoresque Op.76 No.4,Humoresque Op.76 No.4,Humoresque Op.76 No.4,Humoresque Op.76 No.4,Humoresque Op.76 No.4,Humoresque Op.76 No.4,Humoresque Op.76 No.4,Humoresque Op.76 No.4,Humoresque Op.76 No.4,Humoresque Op.76 No.4,Humoresque Op.76 No.4,
22,Le Preux,Le Preux,Le Preux,Le Preux,Le Preux,Le Preux,Le Preux,Le Preux,Le Preux,Le Preux,Le Preux,Le Preux,Le Preux,Le Preux,Le Preux,
23,Csardas Macabre,Csardas Macabre,Csardas Macabre,Csardas Macabre,Csardas Macabre,Csardas Macabre,Csardas Macabre,Csardas Macabre,Csardas Macabre,Csardas Macabre,Csardas Macabre,Csardas Macabre,Csardas Macabre,Csardas Macabre,Csardas Macabre,
24,The Lark,The Lark,The Lark,The Lark,The Lark,The Lark,The Lark,The Lark,The Lark,The Lark,The Lark,The Lark,The Lark,The Lark,The Lark,
25,Waltz Op.39 No.10,Waltz Op.39 No.10,Waltz Op.39 No.10,Waltz Op.39 No.10,Waltz Op.39 No.10,Waltz Op.39 No.10,Waltz Op.39 No.10,Waltz Op.39 No.10,Waltz Op.39 No.10,Waltz Op.39 No.10,Waltz Op.39 No.10,Waltz Op.39 No.10,Waltz Op.39 No.10,Waltz Op.39 No.10,Waltz Op.39 No.10,
26,Slavonic Dances Op.72 No.1,Slavonic Dances Op.72 No.1,Slavonic Dances Op.72 No.1,Slavonic Dances Op.72 No.1,Slavonic Dances Op.72 No.1,Slavonic Dances Op.72 No.1,Slavonic Dances Op.72 No.1,Slavonic Dances Op.72 No.1,Slavonic Dances Op.72 No.1,Slavonic Dances Op.72 No.1,Slavonic Dances Op.72 No.1,Slavonic Dances Op.72 No.1,Slavonic Dances Op.72 No.1,Slavonic Dances Op.72 No.1,Slavonic Dances Op.72 No.1,
27,Virus,Virus,Virus,Virus,Virus,Virus,Virus,Virus,Virus,Virus,Virus,Virus,Virus,Virus,Virus,
28,La Follia,La Follia,La Follia,La Follia,La Follia,La Follia,La Follia,La Follia,La Follia,La Follia,La Follia,La Follia,La Follia,La Follia,La Follia,
29,Waltz Op.39 No.11,Waltz Op.39 No.11,Waltz Op.39 No.11,Waltz Op.39 No.11,Waltz Op.39 No.11,Waltz Op.39 No.11,Waltz Op.39 No.11,Waltz Op.39 No.11,Waltz Op.39 No.11,Waltz Op.39 No.11,Waltz Op.39 No.11,Waltz Op.39 No.11,Waltz Op.39 No.11,Waltz Op.39 No.11,Waltz Op.39 No.11,
30,Hungarian Rhapsody No.2,Hungarian Rhapsody No.2,Hungarian Rhapsody No.2,Hungarian Rhapsody No.2,Hungarian Rhapsody No.2,Hungarian Rhapsody No.2,Hungarian Rhapsody No.2,Hungarian Rhapsody No.2,Hungarian Rhapsody No.2,Hungarian Rhapsody No.2,Hungarian Rhapsody No.2,Hungarian Rhapsody No.2,Hungarian Rhapsody No.2,Hungarian Rhapsody No.2,Hungarian Rhapsody No.2,
31,L'Egyptienne,L'Egyptienne,L'Egyptienne,L'Egyptienne,L'Egyptienne,L'Egyptienne,L'Egyptienne,L'Egyptienne,L'Egyptienne,L'Egyptienne,L'Egyptienne,L'Egyptienne,L'Egyptienne,L'Egyptienne,L'Egyptienne,
32,Sugar Cane Rag,Sugar Cane Rag,Sugar Cane Rag,Sugar Cane Rag,Sugar Cane Rag,Sugar Cane Rag,Sugar Cane Rag,Sugar Cane Rag,Sugar Cane Rag,Sugar Cane Rag,Sugar Cane Rag,Sugar Cane Rag,Sugar Cane Rag,Sugar Cane Rag,Sugar Cane Rag,
33,A la Filipiniana,A la Filipiniana,A la Filipiniana,A la Filipiniana,A la Filipiniana,A la Filipiniana,A la Filipiniana,A la Filipiniana,A la Filipiniana,A la Filipiniana,A la Filipiniana,A la Filipiniana,A la Filipiniana,A la Filipiniana,A la Filipiniana,
34,For Family Reasons - Theme,For Family Reasons - Theme,For Family Reasons - Theme,For Family Reasons - Theme,For Family Reasons - Theme,For Family Reasons - Theme,For Family Reasons - Theme,For Family Reasons - Theme,For Family Reasons - Theme,For Family Reasons - Theme,For Family Reasons - Theme,For Family Reasons - Theme,For Family Reasons - Theme,For Family Reasons - Theme,For Family Reasons - Theme,
35,Flood Time,Flood Time,Flood Time,Flood Time,Flood Time,Flood Time,Flood Time,Flood Time,Flood Time,Flood Time,Flood Time,Flood Time,Flood Time,Flood Time,Flood Time,
36,Etude Op.25 No.1,Etude Op.25 No.1,Etude Op.25 No.1,Etude Op.25 No.1,Etude Op.25 No.1,Etude Op.25 No.1,Etude Op.25 No.1,Etude Op.25 No.1,Etude Op.25 No.1,Etude Op.25 No.1,Etude Op.25 No.1,Etude Op.25 No.1,Etude Op.25 No.1,Etude Op.25 No.1,Etude Op.25 No.1,
37,Etude Op.25 No.2,Etude Op.25 No.2,Etude Op.25 No.2,Etude Op.25 No.2,Etude Op.25 No.2,Etude Op.25 No.2,Etude Op.25 No.2,Etude Op.25 No.2,Etude Op.25 No.2,Etude Op.25 No.2,Etude Op.25 No.2,Etude Op.25 No.2,Etude Op.25 No.2,Etude Op.25 No.2,Etude Op.25 No.2,
38,Prelude Op.28 No.19,Prelude Op.28 No.19,Prelude Op.28 No.19,Prelude Op.28 No.19,Prelude Op.28 No.19,Prelude Op.28 No.19,Prelude Op.28 No.19,Prelude Op.28 No.19,Prelude Op.28 No.19,Prelude Op.28 No.19,Prelude Op.28 No.19,Prelude Op.28 No.19,Prelude Op.28 No.19,Prelude Op.28 No.19,Prelude Op.28 No.19,
39,Fantaisie Impromptu,Fantaisie Impromptu,Fantaisie Impromptu,Fantaisie Impromptu,Fantaisie Impromptu,Fantaisie Impromptu,Fantaisie Impromptu,Fantaisie Impromptu,Fantaisie Impromptu,Fantaisie Impromptu,Fantaisie Impromptu,Fantaisie Impromptu,Fantaisie Impromptu,Fantaisie Impromptu,Fantaisie Impromptu,
40,Annen-Polka Op.117,Annen-Polka Op.117,Annen-Polka Op.117,Annen-Polka Op.117,Annen-Polka Op.117,Annen-Polka Op.117,Annen-Polka Op.117,Annen-Polka Op.117,Annen-Polka Op.117,Annen-Polka Op.117,Annen-Polka Op.117,Annen-Polka Op.117,Annen-Polka Op.117,Annen-Polka Op.117,Annen-Polka Op.117,
41,Clarinet Polka,Clarinet Polka,Clarinet Polka,Clarinet Polka,Clarinet Polka,Clarinet Polka,Clarinet Polka,Clarinet Polka,Clarinet Polka,Clarinet Polka,Clarinet Polka,Clarinet Polka,Clarinet Polka,Clarinet Polka,Clarinet Polka,
42,Etude Op.76 No.2,Etude Op.76 No.2,Etude Op.76 No.2,Etude Op.76 No.2,Etude Op.76 No.2,Etude Op.76 No.2,Etude Op.76 No.2,Etude Op.76 No.2,Etude Op.76 No.2,Etude Op.76 No.2,Etude Op.76 No.2,Etude Op.76 No.2,Etude Op.76 No.2,Etude Op.76 No.2,Etude Op.76 No.2,
43,Etude Op.1 No.1,Etude Op.1 No.1,Etude Op.1 No.1,Etude Op.1 No.1,Etude Op.1 No.1,Etude Op.1 No.1,Etude Op.1 No.1,Etude Op.1 No.1,Etude Op.1 No.1,Etude Op.1 No.1,Etude Op.1 No.1,Etude Op.1 No.1,Etude Op.1 No.1,Etude Op.1 No.1,Etude Op.1 No.1,
44,In The Hall Of The Mountain King,In The Hall Of The Mountain King,In The Hall Of The Mountain King,In The Hall Of The Mountain King,In The Hall Of The Mountain King,In The Hall Of The Mountain King,In The Hall Of The Mountain King,In The Hall Of The Mountain King,In The Hall Of The Mountain King,In The Hall Of The Mountain King,In The Hall Of The Mountain King,In The Hall Of The Mountain King,In The Hall Of The Mountain King,In The Hall Of The Mountain King,In The Hall Of The Mountain King,
45,Hungarian Dance No.18,Hungarian Dance No.18,Hungarian Dance No.18,Hungarian Dance No.18,Hungarian Dance No.18,Hungarian Dance No.18,Hungarian Dance No.18,Hungarian Dance No.18,Hungarian Dance No.18,Hungarian Dance No.18,Hungarian Dance No.18,Hungarian Dance No.18,Hungarian Dance No.18,Hungarian Dance No.18,Hungarian Dance No.18,
46,Irish Wedding Dance,Irish Wedding Dance,Irish Wedding Dance,Irish Wedding Dance,Irish Wedding Dance,Irish Wedding Dance,Irish Wedding Dance,Irish Wedding Dance,Irish Wedding Dance,Irish Wedding Dance,Irish Wedding Dance,Irish Wedding Dance,Irish Wedding Dance,Irish Wedding Dance,Irish Wedding Dance,
47,Four Seasons - Winter,Four Seasons - Winter,Four Seasons - Winter,Four Seasons - Winter,Four Seasons - Winter,Four Seasons - Winter,Four Seasons - Winter,Four Seasons - Winter,Four Seasons - Winter,Four Seasons - Winter,Four Seasons - Winter,Four Seasons - Winter,Four Seasons - Winter,Four Seasons - Winter,Four Seasons - Winter,
48,Carmen - Overture,Carmen - Overture,Carmen - Overture,Carmen - Overture,Carmen - Overture,Carmen - Overture,Carmen - Overture,Carmen - Overture,Carmen - Overture,Carmen - Overture,Carmen - Overture,Carmen - Overture,Carmen - Overture,Carmen - Overture,Carmen - Overture,
49,Moonlight Sonata Mvt.3,Moonlight Sonata Mvt.3,Moonlight Sonata Mvt.3,Moonlight Sonata Mvt.3,Moonlight Sonata Mvt.3,Moonlight Sonata Mvt.3,Moonlight Sonata Mvt.3,Moonlight Sonata Mvt.3,Moonlight Sonata Mvt.3,Moonlight Sonata Mvt.3,Moonlight Sonata Mvt.3,Moonlight Sonata Mvt.3,Moonlight Sonata Mvt.3,Moonlight Sonata Mvt.3,Moonlight Sonata Mvt.3,
50,Paganini Etude No.6,Paganini Etude No.6,Paganini Etude No.6,Paganini Etude No.6,Paganini Etude No.6,Paganini Etude No.6,Paganini Etude No.6,Paganini Etude No.6,Paganini Etude No.6,Paganini Etude No.6,Paganini Etude No.6,Paganini Etude No.6,Paganini Etude No.6,Paganini Etude No.6,Paganini Etude No.6,
51,Canon in D,Canon in D,Canon in D,Canon in D,Canon in D,Canon in D,Canon in D,Canon in D,Canon in D,Canon in D,Canon in D,Canon in D,Canon in D,Canon in D,Canon in D,
52,Canon in E,Canon in E,Canon in E,Canon in E,Canon in E,Canon in E,Canon in E,Canon in E,Canon in E,Canon in E,Canon in E,Canon in E,Canon in E,Canon in E,Canon in E,
53,March of the Dwarfs,March of the Dwarfs,March of the Dwarfs,March of the Dwarfs,March of the Dwarfs,March of the Dwarfs,March of the Dwarfs,March of the Dwarfs,March of the Dwarfs,March of the Dwarfs,March of the Dwarfs,March of the Dwarfs,March of the Dwarfs,March of the Dwarfs,March of the Dwarfs,
54,Hungarian Rhapsody No.15,Hungarian Rhapsody No.15,Hungarian Rhapsody No.15,Hungarian Rhapsody No.15,Hungarian Rhapsody No.15,Hungarian Rhapsody No.15,Hungarian Rhapsody No.15,Hungarian Rhapsody No.15,Hungarian Rhapsody No.15,Hungarian Rhapsody No.15,Hungarian Rhapsody No.15,Hungarian Rhapsody No.15,Hungarian Rhapsody No.15,Hungarian Rhapsody No.15,Hungarian Rhapsody No.15,
55,Danse Macabre,Danse Macabre,Danse Macabre,Danse Macabre,Danse Macabre,Danse Macabre,Danse Macabre,Danse Macabre,Danse Macabre,Danse Macabre,Danse Macabre,Danse Macabre,Danse Macabre,Danse Macabre,Danse Macabre,
56,La Campanella,La Campanella,La Campanella,La Campanella,La Campanella,La Campanella,La Campanella,La Campanella,La Campanella,La Campanella,La Campanella,La Campanella,La Campanella,La Campanella,La Campanella,
57,El Contrabandista,El Contrabandista,El Contrabandista,El Contrabandista,El Contrabandista,El Contrabandista,El Contrabandista,El Contrabandista,El Contrabandista,El Contrabandista,El Contrabandista,El Contrabandista,El Contrabandista,El Contrabandista,El Contrabandista,
58,krazie,krazie,krazie,krazie,krazie,krazie,krazie,krazie,krazie,krazie,krazie,krazie,krazie,krazie,krazie,
59,Musica Ricercata No. 3,Musica Ricercata No. 3,Musica Ricercata No. 3,Musica Ricercata No. 3,Musica Ricercata No. 3,Musica Ricercata No. 3,Musica Ricercata No. 3,Musica Ricercata No. 3,Musica Ricercata No. 3,Musica Ricercata No. 3,Musica Ricercata No. 3,Musica Ricercata No. 3,Musica Ricercata No. 3,Musica Ricercata No. 3,Musica Ricercata No. 3,
60,Galop Marche,Galop Marche,Galop Marche,Galop Marche,Galop Marche,Galop Marche,Galop Marche,Galop Marche,Galop Marche,Galop Marche,Galop Marche,Galop Marche,Galop Marche,Galop Marche,Galop Marche,
61,Rapsodie Espagnole M.54 Mvt.1 (Prélude à la nuit),Rapsodie Espagnole M.54 Mvt.1 (Prélude à la nuit),Rapsodie Espagnole M.54 Mvt.1 (Prélude à la nuit),Rapsodie Espagnole M.54 Mvt.1 (Prélude à la nuit),Rapsodie Espagnole M.54 Mvt.1 (Prélude à la nuit),Rapsodie Espagnole M.54 Mvt.1 (Prélude à la nuit),Rapsodie Espagnole M.54 Mvt.1 (Prélude à la nuit),Rapsodie Espagnole M.54 Mvt.1 (Prélude à la nuit),Rapsodie Espagnole M.54 Mvt.1 (Prélude à la nuit),Rapsodie Espagnole M.54 Mvt.1 (Prélude à la nuit),Rapsodie Espagnole M.54 Mvt.1 (Prélude à la nuit),Rapsodie Espagnole M.54 Mvt.1 (Prélude à la nuit),Rapsodie Espagnole M.54 Mvt.1 (Prélude à la nuit),Rapsodie Espagnole M.54 Mvt.1 (Prélude à la nuit),Rapsodie Espagnole M.54 Mvt.1 (Prélude à la nuit),
62,Rapsodie Espagnole M.54 Mvt.2 (Malagueña),Rapsodie Espagnole M.54 Mvt.2 (Malagueña),Rapsodie Espagnole M.54 Mvt.2 (Malagueña),Rapsodie Espagnole M.54 Mvt.2 (Malagueña),Rapsodie Espagnole M.54 Mvt.2 (Malagueña),Rapsodie Espagnole M.54 Mvt.2 (Malagueña),Rapsodie Espagnole M.54 Mvt.2 (Malagueña),Rapsodie Espagnole M.54 Mvt.2 (Malagueña),Rapsodie Espagnole M.54 Mvt.2 (Malagueña),Rapsodie Espagnole M.54 Mvt.2 (Malagueña),Rapsodie Espagnole M.54 Mvt.2 (Malagueña),Rapsodie Espagnole M.54 Mvt.2 (Malagueña),Rapsodie Espagnole M.54 Mvt.2 (Malagueña),Rapsodie Espagnole M.54 Mvt.2 (Malagueña),Rapsodie Espagnole M.54 Mvt.2 (Malagueña),
63,Rapsodie Espagnole M.54 Mvt.3 (Habanera),Rapsodie Espagnole M.54 Mvt.3 (Habanera),Rapsodie Espagnole M.54 Mvt.3 (Habanera),Rapsodie Espagnole M.54 Mvt.3 (Habanera),Rapsodie Espagnole M.54 Mvt.3 (Habanera),Rapsodie Espagnole M.54 Mvt.3 (Habanera),Rapsodie Espagnole M.54 Mvt.3 (Habanera),Rapsodie Espagnole M.54 Mvt.3 (Habanera),Rapsodie Espagnole M.54 Mvt.3 (Habanera),Rapsodie Espagnole M.54 Mvt.3 (Habanera),Rapsodie Espagnole M.54 Mvt.3 (Habanera),Rapsodie Espagnole M.54 Mvt.3 (Habanera),Rapsodie Espagnole M.54 Mvt.3 (Habanera),Rapsodie Espagnole M.54 Mvt.3 (Habanera),Rapsodie Espagnole M.54 Mvt.3 (Habanera),
64,Rapsodie Espagnole M.54 Mvt.4 (Feria),Rapsodie Espagnole M.54 Mvt.4 (Feria),Rapsodie Espagnole M.54 Mvt.4 (Feria),Rapsodie Espagnole M.54 Mvt.4 (Feria),Rapsodie Espagnole M.54 Mvt.4 (Feria),Rapsodie Espagnole M.54 Mvt.4 (Feria),Rapsodie Espagnole M.54 Mvt.4 (Feria),Rapsodie Espagnole M.54 Mvt.4 (Feria),Rapsodie Espagnole M.54 Mvt.4 (Feria),Rapsodie Espagnole M.54 Mvt.4 (Feria),Rapsodie Espagnole M.54 Mvt.4 (Feria),Rapsodie Espagnole M.54 Mvt.4 (Feria),Rapsodie Espagnole M.54 Mvt.4 (Feria),Rapsodie Espagnole M.54 Mvt.4 (Feria),Rapsodie Espagnole M.54 Mvt.4 (Feria),
65,questionmark_1,questionmark_1,questionmark_1,questionmark_1,questionmark_1,questionmark_1,questionmark_1,questionmark_1,questionmark_1,questionmark_1,questionmark_1,questionmark_1,questionmark_1,questionmark_1,questionmark_1,
66,questionmark_2,questionmark_2,questionmark_2,questionmark_2,questionmark_2,questionmark_2,questionmark_2,questionmark_2,questionmark_2,questionmark_2,questionmark_2,questionmark_2,questionmark_2,questionmark_2,questionmark_2,
67,questionmark_3,questionmark_3,questionmark_3,questionmark_3,questionmark_3,questionmark_3,questionmark_3,questionmark_3,questionmark_3,questionmark_3,questionmark_3,questionmark_3,questionmark_3,questionmark_3,questionmark_3,
68,questionmark_4,questionmark_4,questionmark_4,questionmark_4,questionmark_4,questionmark_4,questionmark_4,questionmark_4,questionmark_4,questionmark_4,questionmark_4,questionmark_4,questionmark_4,questionmark_4,questionmark_4,
69,A bruh-ified midi,A bruh-ified midi,A bruh-ified midi,A bruh-ified midi,A bruh-ified midi,A bruh-ified midi,A bruh-ified midi,A bruh-ified midi,A bruh-ified midi,A bruh-ified midi,A bruh-ified midi,A bruh-ified midi,A bruh-ified midi,A bruh-ified midi,A bruh-ified midi,
70,LONG,LONG,LONG,LONG,LONG,LONG,LONG,LONG,LONG,LONG,LONG,LONG,LONG,LONG,LONG,
71,trollface,trollface,trollface,trollface,trollface,trollface,trollface,trollface,trollface,trollface,trollface,trollface,trollface,trollface,trollface, 
72,monten_1,monten_1,monten_1,monten_1,monten_1,monten_1,monten_1,monten_1,monten_1,monten_1,monten_1,monten_1,monten_1,monten_1,monten_1,
73,Simple Single,Simple Single,Simple Single,Simple Single,Simple Single,Simple Single,Simple Single,Simple Single,Simple Single,Simple Single,Simple Single,Simple Single,Simple Single,Simple Single,Simple Single,
74,what,what,what,what,what,what,what,what,what,what,what,what,what,what,what,
75,WINChallenge 1,WINChallenge 1,WINChallenge 1,WINChallenge 1,WINChallenge 1,WINChallenge 1,WINChallenge 1,WINChallenge 1,WINChallenge 1,WINChallenge 1,WINChallenge 1,WINChallenge 1,WINChallenge 1,WINChallenge 1,WINChallenge 1,
76,GSong,GSong,GSong,GSong,GSong,GSong,GSong,GSong,GSong,GSong,GSong,GSong,GSong,GSong,GSong,
77,aaaaaaaaaaaaaaaa,aaaaaaaaaaaaaaaa,aaaaaaaaaaaaaaaa,aaaaaaaaaaaaaaaa,aaaaaaaaaaaaaaaa,aaaaaaaaaaaaaaaa,aaaaaaaaaaaaaaaa,aaaaaaaaaaaaaaaa,aaaaaaaaaaaaaaaa,aaaaaaaaaaaaaaaa,aaaaaaaaaaaaaaaa,aaaaaaaaaaaaaaaa,aaaaaaaaaaaaaaaa,aaaaaaaaaaaaaaaa,aaaaaaaaaaaaaaaa,
78,sadandslow,sadandslow,sadandslow,sadandslow,sadandslow,sadandslow,sadandslow,sadandslow,sadandslow,sadandslow,sadandslow,sadandslow,sadandslow,sadandslow,sadandslow,
79,Slavonic Dances Op.46 No.3,Slavonic Dances Op.46 No.3,Slavonic Dances Op.46 No.3,Slavonic Dances Op.46 No.3,Slavonic Dances Op.46 No.3,Slavonic Dances Op.46 No.3,Slavonic Dances Op.46 No.3,Slavonic Dances Op.46 No.3,Slavonic Dances Op.46 No.3,Slavonic Dances Op.46 No.3,Slavonic Dances Op.46 No.3,Slavonic Dances Op.46 No.3,Slavonic Dances Op.46 No.3,Slavonic Dances Op.46 No.3,Slavonic Dances Op.46 No.3,
80,Soulless 6,Soulless 6,Soulless 6,Soulless 6,Soulless 6,Soulless 6,Soulless 6,Soulless 6,Soulless 6,Soulless 6,Soulless 6,Soulless 6,Soulless 6,Soulless 6,Soulless 6,
1,Never Be Alone,Never Be Alone,Never Be Alone,Never Be Alone,Never Be Alone,Never Be Alone,Never Be Alone,Never Be Alone,Never Be Alone,Never Be Alone,Never Be Alone,Never Be Alone,Never Be Alone,Never Be Alone,Never Be Alone,
2,See You Again,See You Again,See You Again,See You Again,See You Again,See You Again,See You Again,See You Again,See You Again,See You Again,See You Again,See You Again,See You Again,See You Again,See You Again,
3,Shape of You,Shape of You,Shape of You,Shape of You,Shape of You,Shape of You,Shape of You,Shape of You,Shape of You,Shape of You,Shape of You,Shape of You,Shape of You,Shape of You,Shape of You,
4,The Spectre,The Spectre,The Spectre,The Spectre,The Spectre,The Spectre,The Spectre,The Spectre,The Spectre,The Spectre,The Spectre,The Spectre,The Spectre,The Spectre,The Spectre,
5,Faded,Faded,Faded,Faded,Faded,Faded,Faded,Faded,Faded,Faded,Faded,Faded,Faded,Faded,Faded,
6,Sing Me To Sleep,Sing Me To Sleep,Sing Me To Sleep,Sing Me To Sleep,Sing Me To Sleep,Sing Me To Sleep,Sing Me To Sleep,Sing Me To Sleep,Sing Me To Sleep,Sing Me To Sleep,Sing Me To Sleep,Sing Me To Sleep,Sing Me To Sleep,Sing Me To Sleep,Sing Me To Sleep,
7,Spectre,Spectre,Spectre,Spectre,Spectre,Spectre,Spectre,Spectre,Spectre,Spectre,Spectre,Spectre,Spectre,Spectre,Spectre,
8,Echame La Culpa,Echame La Culpa,Echame La Culpa,Echame La Culpa,Echame La Culpa,Echame La Culpa,Echame La Culpa,Echame La Culpa,Echame La Culpa,Echame La Culpa,Echame La Culpa,Echame La Culpa,Echame La Culpa,Echame La Culpa,Echame La Culpa,
9,Despacito,Despacito,Despacito,Despacito,Despacito,Despacito,Despacito,Despacito,Despacito,Despacito,Despacito,Despacito,Despacito,Despacito,Despacito,
10,Monody,Monody,Monody,Monody,Monody,Monody,Monody,Monody,Monody,Monody,Monody,Monody,Monody,Monody,Monody,
11,Unity,Unity,Unity,Unity,Unity,Unity,Unity,Unity,Unity,Unity,Unity,Unity,Unity,Unity,Unity,
12,Rockabye,Rockabye,Rockabye,Rockabye,Rockabye,Rockabye,Rockabye,Rockabye,Rockabye,Rockabye,Rockabye,Rockabye,Rockabye,Rockabye,Rockabye,
13,We Don't Talk Anymore,We Don't Talk Anymore,We Don't Talk Anymore,We Don't Talk Anymore,We Don't Talk Anymore,We Don't Talk Anymore,We Don't Talk Anymore,We Don't Talk Anymore,We Don't Talk Anymore,We Don't Talk Anymore,We Don't Talk Anymore,We Don't Talk Anymore,We Don't Talk Anymore,We Don't Talk Anymore,We Don't Talk Anymore,
14,Death Waltz,Death Waltz,Death Waltz,Death Waltz,Death Waltz,Death Waltz,Death Waltz,Death Waltz,Death Waltz,Death Waltz,Death Waltz,Death Waltz,Death Waltz,Death Waltz,Death Waltz,
15,Freedom Dive,Freedom Dive,Freedom Dive,Freedom Dive,Freedom Dive,Freedom Dive,Freedom Dive,Freedom Dive,Freedom Dive,Freedom Dive,Freedom Dive,Freedom Dive,Freedom Dive,Freedom Dive,Freedom Dive,
16,Anima,Anima,Anima,Anima,Anima,Anima,Anima,Anima,Anima,Anima,Anima,Anima,Anima,Anima,Anima,
17,Super Mario World - Title Theme,Super Mario World - Title Theme,Super Mario World - Title Theme,Super Mario World - Title Theme,Super Mario World - Title Theme,Super Mario World - Title Theme,Super Mario World - Title Theme,Super Mario World - Title Theme,Super Mario World - Title Theme,Super Mario World - Title Theme,Super Mario World - Title Theme,Super Mario World - Title Theme,Super Mario World - Title Theme,Super Mario World - Title Theme,Super Mario World - Title Theme,
18,Super Mario World - Overworld,Super Mario World - Overworld,Super Mario World - Overworld,Super Mario World - Overworld,Super Mario World - Overworld,Super Mario World - Overworld,Super Mario World - Overworld,Super Mario World - Overworld,Super Mario World - Overworld,Super Mario World - Overworld,Super Mario World - Overworld,Super Mario World - Overworld,Super Mario World - Overworld,Super Mario World - Overworld,Super Mario World - Overworld,
19,Super Mario World - Athletic,Super Mario World - Athletic,Super Mario World - Athletic,Super Mario World - Athletic,Super Mario World - Athletic,Super Mario World - Athletic,Super Mario World - Athletic,Super Mario World - Athletic,Super Mario World - Athletic,Super Mario World - Athletic,Super Mario World - Athletic,Super Mario World - Athletic,Super Mario World - Athletic,Super Mario World - Athletic,Super Mario World - Athletic,
20,Super Mario World - Castle Theme,Super Mario World - Castle Theme,Super Mario World - Castle Theme,Super Mario World - Castle Theme,Super Mario World - Castle Theme,Super Mario World - Castle Theme,Super Mario World - Castle Theme,Super Mario World - Castle Theme,Super Mario World - Castle Theme,Super Mario World - Castle Theme,Super Mario World - Castle Theme,Super Mario World - Castle Theme,Super Mario World - Castle Theme,Super Mario World - Castle Theme,Super Mario World - Castle Theme,
21,Super Mario World - Ending Theme,Super Mario World - Ending Theme,Super Mario World - Ending Theme,Super Mario World - Ending Theme,Super Mario World - Ending Theme,Super Mario World - Ending Theme,Super Mario World - Ending Theme,Super Mario World - Ending Theme,Super Mario World - Ending Theme,Super Mario World - Ending Theme,Super Mario World - Ending Theme,Super Mario World - Ending Theme,Super Mario World - Ending Theme,Super Mario World - Ending Theme,Super Mario World - Ending Theme,
22,Deep Castle,Deep Castle,Deep Castle,Deep Castle,Deep Castle,Deep Castle,Deep Castle,Deep Castle,Deep Castle,Deep Castle,Deep Castle,Deep Castle,Deep Castle,Deep Castle,Deep Castle,
23,7 Years,7 Years,7 Years,7 Years,7 Years,7 Years,7 Years,7 Years,7 Years,7 Years,7 Years,7 Years,7 Years,7 Years,7 Years,
24,Wake Me Up,Wake Me Up,Wake Me Up,Wake Me Up,Wake Me Up,Wake Me Up,Wake Me Up,Wake Me Up,Wake Me Up,Wake Me Up,Wake Me Up,Wake Me Up,Wake Me Up,Wake Me Up,Wake Me Up,
25,We Are Number One,We Are Number One,We Are Number One,We Are Number One,We Are Number One,We Are Number One,We Are Number One,We Are Number One,We Are Number One,We Are Number One,We Are Number One,We Are Number One,We Are Number One,We Are Number One,We Are Number One,
26,All Star,All Star,All Star,All Star,All Star,All Star,All Star,All Star,All Star,All Star,All Star,All Star,All Star,All Star,All Star,
27,Never Gonna Give You Up,Never Gonna Give You Up,Never Gonna Give You Up,Never Gonna Give You Up,Never Gonna Give You Up,Never Gonna Give You Up,Never Gonna Give You Up,Never Gonna Give You Up,Never Gonna Give You Up,Never Gonna Give You Up,Never Gonna Give You Up,Never Gonna Give You Up,Never Gonna Give You Up,Never Gonna Give You Up,Never Gonna Give You Up,
28,The Imperial March,The Imperial March,The Imperial March,The Imperial March,The Imperial March,The Imperial March,The Imperial March,The Imperial March,The Imperial March,The Imperial March,The Imperial March,The Imperial March,The Imperial March,The Imperial March,The Imperial March,
29,The Piano,The Piano,The Piano,The Piano,The Piano,The Piano,The Piano,The Piano,The Piano,The Piano,The Piano,The Piano,The Piano,The Piano,The Piano,
30,The Winter,The Winter,The Winter,The Winter,The Winter,The Winter,The Winter,The Winter,The Winter,The Winter,The Winter,The Winter,The Winter,The Winter,The Winter,
31,The Plains,The Plains,The Plains,The Plains,The Plains,The Plains,The Plains,The Plains,The Plains,The Plains,The Plains,The Plains,The Plains,The Plains,The Plains,
32,The Earth,The Earth,The Earth,The Earth,The Earth,The Earth,The Earth,The Earth,The Earth,The Earth,The Earth,The Earth,The Earth,The Earth,The Earth,
33,The Halloween,The Halloween,The Halloween,The Halloween,The Halloween,The Halloween,The Halloween,The Halloween,The Halloween,The Halloween,The Halloween,The Halloween,The Halloween,The Halloween,The Halloween,
34,Bohemian Rhapsody,Bohemian Rhapsody,Bohemian Rhapsody,Bohemian Rhapsody,Bohemian Rhapsody,Bohemian Rhapsody,Bohemian Rhapsody,Bohemian Rhapsody,Bohemian Rhapsody,Bohemian Rhapsody,Bohemian Rhapsody,Bohemian Rhapsody,Bohemian Rhapsody,Bohemian Rhapsody,Bohemian Rhapsody,
35,My Heart Will Go On,My Heart Will Go On,My Heart Will Go On,My Heart Will Go On,My Heart Will Go On,My Heart Will Go On,My Heart Will Go On,My Heart Will Go On,My Heart Will Go On,My Heart Will Go On,My Heart Will Go On,My Heart Will Go On,My Heart Will Go On,My Heart Will Go On,My Heart Will Go On,
36,We Were Angels,We Were Angels,We Were Angels,We Were Angels,We Were Angels,We Were Angels,We Were Angels,We Were Angels,We Were Angels,We Were Angels,We Were Angels,We Were Angels,We Were Angels,We Were Angels,We Were Angels,
37,The Black Pearl,The Black Pearl,The Black Pearl,The Black Pearl,The Black Pearl,The Black Pearl,The Black Pearl,The Black Pearl,The Black Pearl,The Black Pearl,The Black Pearl,The Black Pearl,The Black Pearl,The Black Pearl,The Black Pearl,
38,Dead Men Tell No Tales,Dead Men Tell No Tales,Dead Men Tell No Tales,Dead Men Tell No Tales,Dead Men Tell No Tales,Dead Men Tell No Tales,Dead Men Tell No Tales,Dead Men Tell No Tales,Dead Men Tell No Tales,Dead Men Tell No Tales,Dead Men Tell No Tales,Dead Men Tell No Tales,Dead Men Tell No Tales,Dead Men Tell No Tales,Dead Men Tell No Tales,
39,He's a Pirate,He's a Pirate,He's a Pirate,He's a Pirate,He's a Pirate,He's a Pirate,He's a Pirate,He's a Pirate,He's a Pirate,He's a Pirate,He's a Pirate,He's a Pirate,He's a Pirate,He's a Pirate,He's a Pirate,
40,Bloody Tears,Bloody Tears,Bloody Tears,Bloody Tears,Bloody Tears,Bloody Tears,Bloody Tears,Bloody Tears,Bloody Tears,Bloody Tears,Bloody Tears,Bloody Tears,Bloody Tears,Bloody Tears,Bloody Tears,
41,Sweet Dreams Are Made Of Screams,Sweet Dreams Are Made Of Screams,Sweet Dreams Are Made Of Screams,Sweet Dreams Are Made Of Screams,Sweet Dreams Are Made Of Screams,Sweet Dreams Are Made Of Screams,Sweet Dreams Are Made Of Screams,Sweet Dreams Are Made Of Screams,Sweet Dreams Are Made Of Screams,Sweet Dreams Are Made Of Screams,Sweet Dreams Are Made Of Screams,Sweet Dreams Are Made Of Screams,Sweet Dreams Are Made Of Screams,Sweet Dreams Are Made Of Screams,Sweet Dreams Are Made Of Screams,
42,This Is Halloween,This Is Halloween,This Is Halloween,This Is Halloween,This Is Halloween,This Is Halloween,This Is Halloween,This Is Halloween,This Is Halloween,This Is Halloween,This Is Halloween,This Is Halloween,This Is Halloween,This Is Halloween,This Is Halloween,
43,Halloween Theme,Halloween Theme,Halloween Theme,Halloween Theme,Halloween Theme,Halloween Theme,Halloween Theme,Halloween Theme,Halloween Theme,Halloween Theme,Halloween Theme,Halloween Theme,Halloween Theme,Halloween Theme,Halloween Theme,
44,Spooky Scary Skeletons,Spooky Scary Skeletons,Spooky Scary Skeletons,Spooky Scary Skeletons,Spooky Scary Skeletons,Spooky Scary Skeletons,Spooky Scary Skeletons,Spooky Scary Skeletons,Spooky Scary Skeletons,Spooky Scary Skeletons,Spooky Scary Skeletons,Spooky Scary Skeletons,Spooky Scary Skeletons,Spooky Scary Skeletons,Spooky Scary Skeletons,
45,One Last Wish,One Last Wish,One Last Wish,One Last Wish,One Last Wish,One Last Wish,One Last Wish,One Last Wish,One Last Wish,One Last Wish,One Last Wish,One Last Wish,One Last Wish,One Last Wish,One Last Wish,
46,Bridge Zone,Bridge Zone,Bridge Zone,Bridge Zone,Bridge Zone,Bridge Zone,Bridge Zone,Bridge Zone,Bridge Zone,Bridge Zone,Bridge Zone,Bridge Zone,Bridge Zone,Bridge Zone,Bridge Zone,
47,Emerald Hill Zone,Emerald Hill Zone,Emerald Hill Zone,Emerald Hill Zone,Emerald Hill Zone,Emerald Hill Zone,Emerald Hill Zone,Emerald Hill Zone,Emerald Hill Zone,Emerald Hill Zone,Emerald Hill Zone,Emerald Hill Zone,Emerald Hill Zone,Emerald Hill Zone,Emerald Hill Zone,
48,Marble Zone,Marble Zone,Marble Zone,Marble Zone,Marble Zone,Marble Zone,Marble Zone,Marble Zone,Marble Zone,Marble Zone,Marble Zone,Marble Zone,Marble Zone,Marble Zone,Marble Zone,
49,Green Hill Zone,Green Hill Zone,Green Hill Zone,Green Hill Zone,Green Hill Zone,Green Hill Zone,Green Hill Zone,Green Hill Zone,Green Hill Zone,Green Hill Zone,Green Hill Zone,Green Hill Zone,Green Hill Zone,Green Hill Zone,Green Hill Zone,
50,Scrap Brain Zone,Scrap Brain Zone,Scrap Brain Zone,Scrap Brain Zone,Scrap Brain Zone,Scrap Brain Zone,Scrap Brain Zone,Scrap Brain Zone,Scrap Brain Zone,Scrap Brain Zone,Scrap Brain Zone,Scrap Brain Zone,Scrap Brain Zone,Scrap Brain Zone,Scrap Brain Zone,
51,Change,Change,Change,Change,Change,Change,Change,Change,Change,Change,Change,Change,Change,Change,Change,
52,Dzwieki Strun,Dzwieki Strun,Dzwieki Strun,Dzwieki Strun,Dzwieki Strun,Dzwieki Strun,Dzwieki Strun,Dzwieki Strun,Dzwieki Strun,Dzwieki Strun,Dzwieki Strun,Dzwieki Strun,Dzwieki Strun,Dzwieki Strun,Dzwieki Strun,
53,Canon - Rock,Canon - Rock,Canon - Rock,Canon - Rock,Canon - Rock,Canon - Rock,Canon - Rock,Canon - Rock,Canon - Rock,Canon - Rock,Canon - Rock,Canon - Rock,Canon - Rock,Canon - Rock,Canon - Rock,
54,Not Alone,Not Alone,Not Alone,Not Alone,Not Alone,Not Alone,Not Alone,Not Alone,Not Alone,Not Alone,Not Alone,Not Alone,Not Alone,Not Alone,Not Alone,
55,The Final Countdown,The Final Countdown,The Final Countdown,The Final Countdown,The Final Countdown,The Final Countdown,The Final Countdown,The Final Countdown,The Final Countdown,The Final Countdown,The Final Countdown,The Final Countdown,The Final Countdown,The Final Countdown,The Final Countdown,
56,Save Me,Save Me,Save Me,Save Me,Save Me,Save Me,Save Me,Save Me,Save Me,Save Me,Save Me,Save Me,Save Me,Save Me,Save Me,
57,Game Of Thrones - Theme,Game Of Thrones - Theme,Game Of Thrones - Theme,Game Of Thrones - Theme,Game Of Thrones - Theme,Game Of Thrones - Theme,Game Of Thrones - Theme,Game Of Thrones - Theme,Game Of Thrones - Theme,Game Of Thrones - Theme,Game Of Thrones - Theme,Game Of Thrones - Theme,Game Of Thrones - Theme,Game Of Thrones - Theme,Game Of Thrones - Theme,
58,The Pink Panther - Theme,The Pink Panther - Theme,The Pink Panther - Theme,The Pink Panther - Theme,The Pink Panther - Theme,The Pink Panther - Theme,The Pink Panther - Theme,The Pink Panther - Theme,The Pink Panther - Theme,The Pink Panther - Theme,The Pink Panther - Theme,The Pink Panther - Theme,The Pink Panther - Theme,The Pink Panther - Theme,The Pink Panther - Theme,
59,Pure White,Pure White,Pure White,Pure White,Pure White,Pure White,Pure White,Pure White,Pure White,Pure White,Pure White,Pure White,Pure White,Pure White,Pure White,
60,Rasputin,Rasputin,Rasputin,Rasputin,Rasputin,Rasputin,Rasputin,Rasputin,Rasputin,Rasputin,Rasputin,Rasputin,Rasputin,Rasputin,Rasputin,
61,Soviet March,Soviet March,Soviet March,Soviet March,Soviet March,Soviet March,Soviet March,Soviet March,Soviet March,Soviet March,Soviet March,Soviet March,Soviet March,Soviet March,Soviet March,
62,Merry Christmas Everyone,Merry Christmas Everyone,Merry Christmas Everyone,Merry Christmas Everyone,Merry Christmas Everyone,Merry Christmas Everyone,Merry Christmas Everyone,Merry Christmas Everyone,Merry Christmas Everyone,Merry Christmas Everyone,Merry Christmas Everyone,Merry Christmas Everyone,Merry Christmas Everyone,Merry Christmas Everyone,Merry Christmas Everyone,
63,Last Christmas,Last Christmas,Last Christmas,Last Christmas,Last Christmas,Last Christmas,Last Christmas,Last Christmas,Last Christmas,Last Christmas,Last Christmas,Last Christmas,Last Christmas,Last Christmas,Last Christmas,
64,Feliz Navidad,Feliz Navidad,Feliz Navidad,Feliz Navidad,Feliz Navidad,Feliz Navidad,Feliz Navidad,Feliz Navidad,Feliz Navidad,Feliz Navidad,Feliz Navidad,Feliz Navidad,Feliz Navidad,Feliz Navidad,Feliz Navidad,
65,Rockin' Around The Christmas Tree,Rockin' Around The Christmas Tree,Rockin' Around The Christmas Tree,Rockin' Around The Christmas Tree,Rockin' Around The Christmas Tree,Rockin' Around The Christmas Tree,Rockin' Around The Christmas Tree,Rockin' Around The Christmas Tree,Rockin' Around The Christmas Tree,Rockin' Around The Christmas Tree,Rockin' Around The Christmas Tree,Rockin' Around The Christmas Tree,Rockin' Around The Christmas Tree,Rockin' Around The Christmas Tree,Rockin' Around The Christmas Tree,
66,Let It Go,Let It Go,Let It Go,Let It Go,Let It Go,Let It Go,Let It Go,Let It Go,Let It Go,Let It Go,Let It Go,Let It Go,Let It Go,Let It Go,Let It Go,
67,Jingle Bell Rock,Jingle Bell Rock,Jingle Bell Rock,Jingle Bell Rock,Jingle Bell Rock,Jingle Bell Rock,Jingle Bell Rock,Jingle Bell Rock,Jingle Bell Rock,Jingle Bell Rock,Jingle Bell Rock,Jingle Bell Rock,Jingle Bell Rock,Jingle Bell Rock,Jingle Bell Rock,
68,Let It Snow,Let It Snow,Let It Snow,Let It Snow,Let It Snow,Let It Snow,Let It Snow,Let It Snow,Let It Snow,Let It Snow,Let It Snow,Let It Snow,Let It Snow,Let It Snow,Let It Snow,
69,Happy Xmas,Happy Xmas,Happy Xmas,Happy Xmas,Happy Xmas,Happy Xmas,Happy Xmas,Happy Xmas,Happy Xmas,Happy Xmas,Happy Xmas,Happy Xmas,Happy Xmas,Happy Xmas,Happy Xmas,
70,Little Drummer Boy,Little Drummer Boy,Little Drummer Boy,Little Drummer Boy,Little Drummer Boy,Little Drummer Boy,Little Drummer Boy,Little Drummer Boy,Little Drummer Boy,Little Drummer Boy,Little Drummer Boy,Little Drummer Boy,Little Drummer Boy,Little Drummer Boy,Little Drummer Boy,
71,Havana,Havana,Havana,Havana,Havana,Havana,Havana,Havana,Havana,Havana,Havana,Havana,Havana,Havana,Havana,
72,The Desert,The Desert,The Desert,The Desert,The Desert,The Desert,The Desert,The Desert,The Desert,The Desert,The Desert,The Desert,The Desert,The Desert,The Desert,
73,Imagine,Imagine,Imagine,Imagine,Imagine,Imagine,Imagine,Imagine,Imagine,Imagine,Imagine,Imagine,Imagine,Imagine,Imagine,
74,The Chinese Garden,The Chinese Garden,The Chinese Garden,The Chinese Garden,The Chinese Garden,The Chinese Garden,The Chinese Garden,The Chinese Garden,The Chinese Garden,The Chinese Garden,The Chinese Garden,The Chinese Garden,The Chinese Garden,The Chinese Garden,The Chinese Garden,
75,Thomas The Tank Engine - Theme,Thomas The Tank Engine - Theme,Thomas The Tank Engine - Theme,Thomas The Tank Engine - Theme,Thomas The Tank Engine - Theme,Thomas The Tank Engine - Theme,Thomas The Tank Engine - Theme,Thomas The Tank Engine - Theme,Thomas The Tank Engine - Theme,Thomas The Tank Engine - Theme,Thomas The Tank Engine - Theme,Thomas The Tank Engine - Theme,Thomas The Tank Engine - Theme,Thomas The Tank Engine - Theme,Thomas The Tank Engine - Theme,
76,Demystify Feast,Demystify Feast,Demystify Feast,Demystify Feast,Demystify Feast,Demystify Feast,Demystify Feast,Demystify Feast,Demystify Feast,Demystify Feast,Demystify Feast,Demystify Feast,Demystify Feast,Demystify Feast,Demystify Feast,
77,LWIAY - Intro,LWIAY - Intro,LWIAY - Intro,LWIAY - Intro,LWIAY - Intro,LWIAY - Intro,LWIAY - Intro,LWIAY - Intro,LWIAY - Intro,LWIAY - Intro,LWIAY - Intro,LWIAY - Intro,LWIAY - Intro,LWIAY - Intro,LWIAY - Intro
78,Mr. E,Mr. E,Mr. E,Mr. E,Mr. E,Mr. E,Mr. E,Mr. E,Mr. E,Mr. E,Mr. E,Mr. E,Mr. E,Mr. E,Mr. E,
79,Mi Mi Mi,Mi Mi Mi,Mi Mi Mi,Mi Mi Mi,Mi Mi Mi,Mi Mi Mi,Mi Mi Mi,Mi Mi Mi,Mi Mi Mi,Mi Mi Mi,Mi Mi Mi,Mi Mi Mi,Mi Mi Mi,Mi Mi Mi,Mi Mi Mi,
80,Gas Gas Gas,Gas Gas Gas,Gas Gas Gas,Gas Gas Gas,Gas Gas Gas,Gas Gas Gas,Gas Gas Gas,Gas Gas Gas,Gas Gas Gas,Gas Gas Gas,Gas Gas Gas,Gas Gas Gas,Gas Gas Gas,Gas Gas Gas,Gas Gas Gas,
81,Duel of Fates,Duel of Fates,Duel of Fates,Duel of Fates,Duel of Fates,Duel of Fates,Duel of Fates,Duel of Fates,Duel of Fates,Duel of Fates,Duel of Fates,Duel of Fates,Duel of Fates,Duel of Fates,Duel of Fates,
82,Pixelland,Pixelland,Pixelland,Pixelland,Pixelland,Pixelland,Pixelland,Pidelland,Pixelland,Pixelland,Pixelland,Pixelland,Pixelland,Pixelland,Pixelland,
83,Galaxy Collapse,Galaxy Collapse,Galaxy Collapse,Galaxy Collapse,Galaxy Collapse,Galaxy Collapse,Galaxy Collapse,Galaxy Collapse,Galaxy Collapse,Galaxy Collapse,Galaxy Collapse,Galaxy Collapse,Galaxy Collapse,Galaxy Collapse,Galaxy Collapse,
84,I Got No Time,I Got No Time,I Got No Time,I Got No Time,I Got No Time,I Got No Time,I Got No Time,I Got No Time,I Got No Time,I Got No Time,I Got No Time,I Got No Time,I Got No Time,I Got No Time,I Got No Time,
85,Sandstorm,Sandstorm,Sandstorm,Sandstorm,Sandstorm,Sandstorm,Sandstorm,Sandstorm,Sandstorm,Sandstorm,Sandstorm,Sandstorm,Sandstorm,Sandstorm,Sandstorm,
86,Ajax Polka,Ajax Polka,Ajax Polka,Ajax Polka,Ajax Polka,Ajax Polka,Ajax Polka,Ajax Polka,Ajax Polka,Ajax Polka,Ajax Polka,Ajax Polka,Ajax Polka,Ajax Polka,Ajax Polka,
,Johann Pachelbel,Johann Pachelbel,Johann Pachelbel,Johann Pachelbel,Johann Pachelbel,Johann Pachelbel,Johann Pachelbel,Johann Pachelbel,Johann Pachelbel,Johann Pachelbel,Johann Pachelbel,Johann Pachelbel,Johann Pachelbel,Johann Pachelbel,Johann Pachelbel,
,Yann Tiersen,Yann Tiersen,Yann Tiersen,Yann Tiersen,Yann Tiersen,Yann Tiersen,Yann Tiersen,Yann Tiersen,Yann Tiersen,Yann Tiersen,Yann Tiersen,Yann Tiersen,Yann Tiersen,Yann Tiersen,Yann Tiersen,
,Daniel Alomia Robles,Daniel Alomia Robles,Daniel Alomia Robles,Daniel Alomia Robles,Daniel Alomia Robles,Daniel Alomia Robles,Daniel Alomia Robles,Daniel Alomia Robles,Daniel Alomia Robles,Daniel Alomia Robles,Daniel Alomia Robles,Daniel Alomia Robles,Daniel Alomia Robles,Daniel Alomia Robles,Daniel Alomia Robles,
,Thomas Oliphant,Thomas Oliphant,Thomas Oliphant,Thomas Oliphant,Thomas Oliphant,Thomas Oliphant,Thomas Oliphant,Thomas Oliphant,Thomas Oliphant,Thomas Oliphant,Thomas Oliphant,Thomas Oliphant,Thomas Oliphant,Thomas Oliphant,Thomas Oliphant,
,Gerardo Matos Rodriguez,Gerardo Matos Rodriguez,Gerardo Matos Rodriguez,Gerardo Matos Rodriguez,Gerardo Matos Rodriguez,Gerardo Matos Rodriguez,Gerardo Matos Rodriguez,Gerardo Matos Rodriguez,Gerardo Matos Rodriguez,Gerardo Matos Rodriguez,Gerardo Matos Rodriguez,Gerardo Matos Rodriguez,Gerardo Matos Rodriguez,Gerardo Matos Rodriguez,Gerardo Matos Rodriguez,
,S.T.A.L.K.E.R. Clear Sky,S.T.A.L.K.E.R. Clear Sky,S.T.A.L.K.E.R. Clear Sky,S.T.A.L.K.E.R. Clear Sky,S.T.A.L.K.E.R. Clear Sky,S.T.A.L.K.E.R. Clear Sky,S.T.A.L.K.E.R. Clear Sky,S.T.A.L.K.E.R. Clear Sky,S.T.A.L.K.E.R. Clear Sky,S.T.A.L.K.E.R. Clear Sky,S.T.A.L.K.E.R. Clear Sky,S.T.A.L.K.E.R. Clear Sky,S.T.A.L.K.E.R. Clear Sky,S.T.A.L.K.E.R. Clear Sky,S.T.A.L.K.E.R. Clear Sky,
,Aleksandr Vasilyevich Aleksandrov,Aleksandr Vasilyevich Aleksandrov,Aleksandr Vasilyevich Aleksandrov,Aleksandr Vasilyevich Aleksandrov,Aleksandr Vasilyevich Aleksandrov,Aleksandr Vasilyevich Aleksandrov,Aleksandr Vasilyevich Aleksandrov,Aleksandr Vasilyevich Aleksandrov,Aleksandr Vasilyevich Aleksandrov,Aleksandr Vasilyevich Aleksandrov,Aleksandr Vasilyevich Aleksandrov,Aleksandr Vasilyevich Aleksandrov,Aleksandr Vasilyevich Aleksandrov,Aleksandr Vasilyevich Aleksandrov,Aleksandr Vasilyevich Aleksandrov,
,Arranged by Slava Makovsky,Arranged by Slava Makovsky,Arranged by Slava Makovsky,Arranged by Slava Makovsky,Arranged by Slava Makovsky,Arranged by Slava Makovsky,Arranged by Slava Makovsky,Arranged by Slava Makovsky,Arranged by Slava Makovsky,Arranged by Slava Makovsky,Arranged by Slava Makovsky,Arranged by Slava Makovsky,Arranged by Slava Makovsky,Arranged by Slava Makovsky,Arranged by Slava Makovsky,
,Paul de Senneville,Paul de Senneville,Paul de Senneville,Paul de Senneville,Paul de Senneville,Paul de Senneville,Paul de Senneville,Paul de Senneville,Paul de Senneville,Paul de Senneville,Paul de Senneville,Paul de Senneville,Paul de Senneville,Paul de Senneville,Paul de Senneville,
,Ludovico Einaudi,Ludovico Einaudi,Ludovico Einaudi,Ludovico Einaudi,Ludovico Einaudi,Ludovico Einaudi,Ludovico Ein
,PewDiePie (arr. Sheet Music Boss),PewDiePie (arr. Sheet Music Boss),PewDiePie (arr. Sheet Music Boss),PewDiePie (arr. Sheet Music Boss),PewDiePie (arr. Sheet Music Boss),PewDiePie (arr. Sheet Music Boss),PewDiePie (arr. Sheet Music Boss),PewDiePie (arr. Sheet Music Boss),PewDiePie (arr. Sheet Music Boss),PewDiePie (arr. Sheet Music Boss),PewDiePie (arr. Sheet Music Boss),PewDiePie (arr. Sheet Music Boss),PewDiePie (arr. Sheet Music Boss),PewDiePie (arr. Sheet Music Boss),PewDiePie (arr. Sheet Music Boss),audi,Ludovico Einaudi,Ludovico Einaudi,Ludovico Einaudi,Ludovico Einaudi,Ludovico Einaudi,Ludovico Einaudi,Ludovico Einaudi,Ludovico Einaudi,
,Antonio Bazzini,Antonio Bazzini,Antonio Bazzini,Antonio Bazzini,Antonio Bazzini,Antonio Bazzini,Antonio Bazzini,Antonio Bazzini,Antonio Bazzini,Antonio Bazzini,Antonio Bazzini,Antonio Bazzini,Antonio Bazzini,Antonio Bazzini,Antonio Bazzini,
,Vittorio Monti,Vittorio Monti,Vittorio Monti,Vittorio Monti,Vittorio Monti,Vittorio Monti,Vittorio Monti,Vittorio Monti,Vittorio Monti,Vittorio Monti,Vittorio Monti,Vittorio Monti,Vittorio Monti,Vittorio Monti,Vittorio Monti,
,Antonin Dvorak,Antonin Dvorak,Antonin Dvorak,Antonin Dvorak,Antonin Dvorak,Antonin Dvorak,Antonin Dvorak,Antonin Dvorak,Antonin Dvorak,Antonin Dvorak,Antonin Dvorak,Antonin Dvorak,Antonin Dvorak,Antonin Dvorak,Antonin Dvorak,
,Ludwig van Beethoven,Ludwig van Beethoven,Ludwig van Beethoven,Ludwig van Beethoven,Ludwig van Beethoven,Ludwig van Beethoven,Ludwig van Beethoven,Ludwig van Beethoven,Ludwig van Beethoven,Ludwig van Beethoven,Ludwig van Beethoven,Ludwig van Beethoven,Ludwig van Beethoven,Ludwig van Beethoven,Ludwig van Beethoven,
,Antonio Vivaldi,Antonio Vivaldi,Antonio Vivaldi,Antonio Vivaldi,Antonio Vivaldi,Antonio Vivaldi,Antonio Vivaldi,Antonio Vivaldi,Antonio Vivaldi,Antonio Vivaldi,Antonio Vivaldi,Antonio Vivaldi,Antonio Vivaldi,Antonio Vivaldi,Antonio Vivaldi,
,Saint-Saens,Saint-Saens,Saint-Saens,Saint-Saens,Saint-Saens,Saint-Saens,Saint-Saens,Saint-Saens,Saint-Saens,Saint-Saens,Saint-Saens,Saint-Saens,Saint-Saens,Saint-Saens,Saint-Saens,
,Czerny,Czerny,Czerny,Czerny,Czerny,Czerny,Czerny,Czerny,Czerny,Czerny,Czerny,Czerny,Czerny,Czerny,Czerny,
,Sibelius,Sibelius,Sibelius,Sibelius,Sibelius,Sibelius,Sibelius,Sibelius,Sibelius,Sibelius,Sibelius,Sibelius,Sibelius,Sibelius,Sibelius,
,Charles-Valentin Alkan,Charles-Valentin Alkan,Charles-Valentin Alkan,Charles-Valentin Alkan,Charles-Valentin Alkan,Charles-Valentin Alkan,Charles-Valentin Alkan,Charles-Valentin Alkan,Charles-Valentin Alkan,Charles-Valentin Alkan,Charles-Valentin Alkan,Charles-Valentin Alkan,Charles-Valentin Alkan,Charles-Valentin Alkan,Charles-Valentin Alkan,
,Franz Liszt,Franz Liszt,Franz Liszt,Franz Liszt,Franz Liszt,Franz Liszt,Franz Liszt,Franz Liszt,Franz Liszt,Franz Liszt,Franz Liszt,Franz Liszt,Franz Liszt,Franz Liszt,Franz Liszt,
,Glinka,Glinka,Glinka,Glinka,Glinka,Glinka,Glinka,Glinka,Glinka,Glinka,Glinka,Glinka,Glinka,Glinka,Glinka,
,Johannes Brahms,Johannes Brahms,Johannes Brahms,Johannes Brahms,Johannes Brahms,Johannes Brahms,Johannes Brahms,Johannes Brahms,Johannes Brahms,Johannes Brahms,Johannes Brahms,Johannes Brahms,Johannes Brahms,Johannes Brahms,Johannes Brahms,
,Adapted by OBM,Adapted by OBM,Adapted by OBM,Adapted by OBM,Adapted by OBM,Adapted by OBM,Adapted by OBM,Adapted by OBM,Adapted by OBM,Adapted by OBM,Adapted by OBM,Adapted by OBM,Adapted by OBM,Adapted by OBM,Adapted by OBM,
,Scarlatti,Scarlatti,Scarlatti,Scarlatti,Scarlatti,Scarlatti,Scarlatti,Scarlatti,Scarlatti,Scarlatti,Scarlatti,Scarlatti,Scarlatti,Scarlatti,Scarlatti,
,Jean-Philippe Rameau,Jean-Philippe Rameau,Jean-Philippe Rameau,Jean-Philippe Rameau,Jean-Philippe Rameau,Jean-Philippe Rameau,Jean-Philippe Rameau,Jean-Philippe Rameau,Jean-Philippe Rameau,Jean-Philippe Rameau,Jean-Philippe Rameau,Jean-Philippe Rameau,Jean-Philippe Rameau,Jean-Philippe Rameau,Jean-Philippe Rameau,
,Scott Joplin,Scott Joplin,Scott Joplin,Scott Joplin,Scott Joplin,Scott Joplin,Scott Joplin,Scott Joplin,Scott Joplin,Scott Joplin,Scott Joplin,Scott Joplin,Scott Joplin,Scott Joplin,Scott Joplin,
,Gsarci,Gsarci,Gsarci,Gsarci,Gsarci,Gsarci,Gsarci,Gsarci,Gsarci,Gsarci,Gsarci,Gsarci,Gsarci,Gsarci,Gsarci,
,Eric Thiman,Eric Thiman,Eric Thiman,Eric Thiman,Eric Thiman,Eric Thiman,Eric Thiman,Eric Thiman,Eric Thiman,Eric Thiman,Eric Thiman,Eric Thiman,Eric Thiman,Eric Thiman,Eric Thiman,
,Chopin,Chopin,Chopin,Chopin,Chopin,Chopin,Chopin,Chopin,Chopin,Chopin,Chopin,Chopin,Chopin,Chopin,Chopin,
,Johann Strauss,Johann Strauss,Johann Strauss,Johann Strauss,Johann Strauss,Johann Strauss,Johann Strauss,Johann Strauss,Johann Strauss,Johann Strauss,Johann Strauss,Johann Strauss,Johann Strauss,Johann Strauss,Johann Strauss,
,Polish Folk Music,Polish Folk Music,Polish Folk Music,Polish Folk Music,Polish Folk Music,Polish Folk Music,Polish Folk Music,Polish Folk Music,Polish Folk Music,Polish Folk Music,Polish Folk Music,Polish Folk Music,Polish Folk Music,Polish Folk Music,Polish Folk Music,
,Edvard Grieg,Edvard Grieg,Edvard Grieg,Edvard Grieg,Edvard Grieg,Edvard Grieg,Edvard Grieg,Edvard Grieg,Edvard Grieg,Edvard Grieg,Edvard Grieg,Edvard Grieg,Edvard Grieg,Edvard Grieg,Edvard Grieg,
,Nicholas Steinbach,Nicholas Steinbach,Nicholas Steinbach,Nicholas Steinbach,Nicholas Steinbach,Nicholas Steinbach,Nicholas Steinbach,Nicholas Steinbach,Nicholas Steinbach,Nicholas Steinbach,Nicholas Steinbach,Nicholas Steinbach,Nicholas Steinbach,Nicholas Steinbach,Nicholas Steinbach,
,Bizet,Bizet,Bizet,Bizet,Bizet,Bizet,Bizet,Bizet,Bizet,Bizet,Bizet,Bizet,Bizet,Bizet,Bizet,
,TheFatRat,TheFatRat,TheFatRat,TheFatRat,TheFatRat,TheFatRat,TheFatRat,TheFatRat,TheFatRat,TheFatRat,TheFatRat,TheFatRat,TheFatRat,TheFatRat,TheFatRat,
,Wiz Khalifa and Charlie Puth,Wiz Khalifa and Charlie Puth,Wiz Khalifa and Charlie Puth,Wiz Khalifa and Charlie Puth,Wiz Khalifa and Charlie Puth,Wiz Khalifa and Charlie Puth,Wiz Khalifa and Charlie Puth,Wiz Khalifa and Charlie Puth,Wiz Khalifa and Charlie Puth,Wiz Khalifa and Charlie Puth,Wiz Khalifa and Charlie Puth,Wiz Khalifa and Charlie Puth,Wiz Khalifa and Charlie Puth,Wiz Khalifa and Charlie Puth,Wiz Khalifa and Charlie Puth,
,Ed Sheeran,Ed Sheeran,Ed Sheeran,Ed Sheeran,Ed Sheeran,Ed Sheeran,Ed Sheeran,Ed Sheeran,Ed Sheeran,Ed Sheeran,Ed Sheeran,Ed Sheeran,Ed Sheeran,Ed Sheeran,Ed Sheeran,
,Alan Walker,Alan Walker,Alan Walker,Alan Walker,Alan Walker,Alan Walker,Alan Walker,Alan Walker,Alan Walker,Alan Walker,Alan Walker,Alan Walker,Alan Walker,Alan Walker,Alan Walker,
,Luis Fonsi & Demi Lovato,Luis Fonsi & Demi Lovato,Luis Fonsi & Demi Lovato,Luis Fonsi & Demi Lovato,Luis Fonsi & Demi Lovato,Luis Fonsi & Demi Lovato,Luis Fonsi & Demi Lovato,Luis Fonsi & Demi Lovato,Luis Fonsi & Demi Lovato,Luis Fonsi & Demi Lovato,Luis Fonsi & Demi Lovato,Luis Fonsi & Demi Lovato,Luis Fonsi & Demi Lovato,Luis Fonsi & Demi Lovato,Luis Fonsi & Demi Lovato,
,Luis Fonsi & Daddy Yankee ft. Justin Bieber,Luis Fonsi & Daddy Yankee ft. Justin Bieber,Luis Fonsi & Daddy Yankee ft. Justin Bieber,Luis Fonsi & Daddy Yankee ft. Justin Bieber,Luis Fonsi & Daddy Yankee ft. Justin Bieber,Luis Fonsi & Daddy Yankee ft. Justin Bieber,Luis Fonsi & Daddy Yankee ft. Justin Bieber,Luis Fonsi & Daddy Yankee ft. Justin Bieber,Luis Fonsi & Daddy Yankee ft. Justin Bieber,Luis Fonsi & Daddy Yankee ft. Justin Bieber,Luis Fonsi & Daddy Yankee ft. Justin Bieber,Luis Fonsi & Daddy Yankee ft. Justin Bieber,Luis Fonsi & Daddy Yankee ft. Justin Bieber,Luis Fonsi & Daddy Yankee ft. Justin Bieber,Luis Fonsi & Daddy Yankee ft. Justin Bieber,
,TheFatRat (Adapted by K.H.Hoàng),TheFatRat (Adapted by K.H.Hoàng),TheFatRat (Adapted by K.H.Hoàng),TheFatRat (Adapted by K.H.Hoàng),TheFatRat (Adapted by K.H.Hoàng),TheFatRat (Adapted by K.H.Hoàng),TheFatRat (Adapted by K.H.Hoàng),TheFatRat (Adapted by K.H.Hoàng),TheFatRat (Adapted by K.H.Hoàng),TheFatRat (Adapted by K.H.Hoàng),TheFatRat (Adapted by K.H.Hoàng),TheFatRat (Adapted by K.H.Hoàng),TheFatRat (Adapted by K.H.Hoàng),TheFatRat (Adapted by K.H.Hoàng),TheFatRat (Adapted by K.H.Hoàng),
,Clean Bandit ft. Sean Paul & Anne-Marie,Clean Bandit ft. Sean Paul & Anne-Marie,Clean Bandit ft. Sean Paul & Anne-Marie,Clean Bandit ft. Sean Paul & Anne-Marie,Clean Bandit ft. Sean Paul & Anne-Marie,Clean Bandit ft. Sean Paul & Anne-Marie,Clean Bandit ft. Sean Paul & Anne-Marie,Clean Bandit ft. Sean Paul & Anne-Marie,Clean Bandit ft. Sean Paul & Anne-Marie,Clean Bandit ft. Sean Paul & Anne-Marie,Clean Bandit ft. Sean Paul & Anne-Marie,Clean Bandit ft. Sean Paul & Anne-Marie,Clean Bandit ft. Sean Paul & Anne-Marie,Clean Bandit ft. Sean Paul & Anne-Marie,Clean Bandit ft. Sean Paul & Anne-Marie,
,Charlie Puth ft. Selena Gomez,Charlie Puth ft. Selena Gomez,Charlie Puth ft. Selena Gomez,Charlie Puth ft. Selena Gomez,Charlie Puth ft. Selena Gomez,Charlie Puth ft. Selena Gomez,Charlie Puth ft. Selena Gomez,Charlie Puth ft. Selena Gomez,Charlie Puth ft. Selena Gomez,Charlie Puth ft. Selena Gomez,Charlie Puth ft. Selena Gomez,Charlie Puth ft. Selena Gomez,Charlie Puth ft. Selena Gomez,Charlie Puth ft. Selena Gomez,Charlie Puth ft. Selena Gomez,
,U.N. Owen Was Her,U.N. Owen Was Her,U.N. Owen Was Her,U.N. Owen Was Her,U.N. Owen Was Her,U.N. Owen Was Her,U.N. Owen Was Her,U.N. Owen Was Her,U.N. Owen Was Her,U.N. Owen Was Her,U.N. Owen Was Her,U.N. Owen Was Her,U.N. Owen Was Her,U.N. Owen Was Her,U.N. Owen Was Her,
,Xi,Xi,Xi,Xi,Xi,Xi,Xi,Xi,Xi,Xi,Xi,Xi,Xi,Xi,Xi,
,Koji Kondo,Koji Kondo,Koji Kondo,Koji Kondo,Koji Kondo,Koji Kondo,Koji Kondo,Koji Kondo,Koji Kondo,Koji Kondo,Koji Kondo,Koji Kondo,Koji Kondo,Koji Kondo,Koji Kondo,
,Mario and Luigi Bowser's Inside Story,Mario and Luigi Bowser's Inside Story,Mario and Luigi Bowser’s Inside Story,Mario and Luigi Bowser's Inside Story,Mario and Luigi Bowser's Inside Story,Mario and Luigi Bowser’s Inside Story,Mario and Luigi Bowser's Inside Story,Mario and Luigi Bowser's Inside Story,Mario and Luigi Bowser’s Inside Story,Mario and Luigi Bowser's Inside Story,Mario and Luigi Bowser's Inside Story,Mario and Luigi Bowser’s Inside Story,Mario and Luigi Bowser's Inside Story,Mario and Luigi Bowser's Inside Story,Mario and Luigi Bowser’s Inside Story,
,Lukas Graham,Lukas Graham,Lukas Graham,Lukas Graham,Lukas Graham,Lukas Graham,Lukas Graham,Lukas Graham,Lukas Graham,Lukas Graham,Lukas Graham,Lukas Graham,Lukas Graham,Lukas Graham,Lukas Graham,
,Arranged by Jonny May,Arranged by Jonny May,Arranged by Jonny May,Arranged by Jonny May,Arranged by Jonny May,Arranged by Jonny May,Arranged by Jonny May,Arranged by Jonny May,Arranged by Jonny May,Arranged by Jonny May,Arranged by Jonny May,Arranged by Jonny May,Arranged by Jonny May,Arranged by Jonny May,Arranged by Jonny May,
,LazyTown,LazyTown,LazyTown,LazyTown,LazyTown,LazyTown,LazyTown,LazyTown,LazyTown,LazyTown,LazyTown,LazyTown,LazyTown,LazyTown,LazyTown,
,Smash Mouth,Smash Mouth,Smash Mouth,Smash Mouth,Smash Mouth,Smash Mouth,Smash Mouth,Smash Mouth,Smash Mouth,Smash Mouth,Smash Mouth,Smash Mouth,Smash Mouth,Smash Mouth,Smash Mouth,
,Rick Astley,Rick Astley,Rick Astley,Rick Astley,Rick Astley,Rick Astley,Rick Astley,Rick Astley,Rick Astley,Rick Astley,Rick Astley,Rick Astley,Rick Astley,Rick Astley,Rick Astley,
,Star Wars,Star Wars,Star Wars,Star Wars,Star Wars,Star Wars,Star Wars,Star Wars,Star Wars,Star Wars,Star Wars,Star Wars,Star Wars,Star Wars,Star Wars,
,Dancing Line,Dancing Line,Dancing Line,Dancing Line,Dancing Line,Dancing Line,Dancing Line,Dancing Line,Dancing Line,Dancing Line,Dancing Line,Dancing Line,Dancing Line,Dancing Line,Dancing Line,
,Queen,Queen,Queen,Queen,Queen,Queen,Queen,Queen,Queen,Queen,Queen,Queen,Queen,Queen,Queen,
,James Horner,James Horner,James Horner,James Horner,James Horner,James Horner,James Horner,James Horner,James Horner,James Horner,James Horner,James Horner,James Horner,James Horner,James Horner,
,Arranged by Rafik el Jar,Arranged by Rafik el Jar,Arranged by Rafik el Jar,Arranged by Rafik el Jar,Arranged by Rafik el Jar,Arranged by Rafik el Jar,Arranged by Rafik el Jar,Arranged by Rafik el Jar,Arranged by Rafik el Jar,Arranged by Rafik el Jar,Arranged by Rafik el Jar,Arranged by Rafik el Jar,Arranged by Rafik el Jar,Arranged by Rafik el Jar,Arranged by Rafik el Jar,
,Kyle Landry,Kyle Landry,Kyle Landry,Kyle Landry,Kyle Landry,Kyle Landry,Kyle Landry,Kyle Landry,Kyle Landry,Kyle Landry,Kyle Landry,Kyle Landry,Kyle Landry,Kyle Landry,Kyle Landry,
,Geoff Zanelli,Geoff Zanelli,Geoff Zanelli,Geoff Zanelli,Geoff Zanelli,Geoff Zanelli,Geoff Zanelli,Geoff Zanelli,Geoff Zanelli,Geoff Zanelli,Geoff Zanelli,Geoff Zanelli,Geoff Zanelli,Geoff Zanelli,Geoff Zanelli,
,Hans Zimmer,Hans Zimmer,Hans Zimmer,Hans Zimmer,Hans Zimmer,Hans Zimmer,Hans Zimmer,Hans Zimmer,Hans Zimmer,Hans Zimmer,Hans Zimmer,Hans Zimmer,Hans Zimmer,Hans Zimmer,Hans Zimmer,
,Castlevania,Castlevania,Castlevania,Castlevania,Castlevania,Castlevania,Castlevania,Castlevania,Castlevania,Castlevania,Castlevania,Castlevania,Castlevania,Castlevania,Castlevania,
,Jeff The Killer - Theme,Jeff The Killer - Theme,Jeff The Killer - Theme,Jeff The Killer - Theme,Jeff The Killer - Theme,Jeff The Killer - Theme,Jeff The Killer - Theme,Jeff The Killer - Theme,Jeff The Killer - Theme,Jeff The Killer - Theme,Jeff The Killer - Theme,Jeff The Killer - Theme,Jeff The Killer - Theme,Jeff The Killer - Theme,Jeff The Killer - Theme,
,Danny Elfman,Danny Elfman,Danny Elfman,Danny Elfman,Danny Elfman,Danny Elfman,Danny Elfman,Danny Elfman,Danny Elfman,Danny Elfman,Danny Elfman,Danny Elfman,Danny Elfman,Danny Elfman,Danny Elfman,
,Michael Myers,Michael Myers,Michael Myers,Michael Myers,Michael Myers,Michael Myers,Michael Myers,Michael Myers,Michael Myers,Michael Myers,Michael Myers,Michael Myers,Michael Myers,Michael Myers,Michael Myers,
,Andrew Gold,Andrew Gold,Andrew Gold,Andrew Gold,Andrew Gold,Andrew Gold,Andrew Gold,Andrew Gold,Andrew Gold,Andrew Gold,Andrew Gold,Andrew Gold,Andrew Gold,Andrew Gold,Andrew Gold,
,Sonic The Hedgehog,Sonic The Hedgehog,Sonic The Hedgehog,Sonic The Hedgehog,Sonic The Hedgehog,Sonic The Hedgehog,Sonic The Hedgehog,Sonic The Hedgehog,Sonic The Hedgehog,Sonic The Hedgehog,Sonic The Hedgehog,Sonic The Hedgehog,Sonic The Hedgehog,Sonic The Hedgehog,Sonic The Hedgehog,
,Bleach,Bleach,Bleach,Bleach,Bleach,Bleach,Bleach,Bleach,Bleach,Bleach,Bleach,Bleach,Bleach,Bleach,Bleach,
,Akcent,Akcent,Akcent,Akcent,Akcent,Akcent,Akcent,Akcent,Akcent,Akcent,Akcent,Akcent,Akcent,Akcent,Akcent,
,Takushi Koyama,Takushi Koyama,Takushi Koyama,Takushi Koyama,Takushi Koyama,Takushi Koyama,Takushi Koyama,Takushi Koyama,Takushi Koyama,Takushi Koyama,Takushi Koyama,Takushi Koyama,Takushi Koyama,Takushi Koyama,Takushi Koyama,
,Lucas Brodan,Lucas Brodan,Lucas Brodan,Lucas Brodan,Lucas Brodan,Lucas Brodan,Lucas Brodan,Lucas Brodan,Lucas Brodan,Lucas Brodan,Lucas Brodan,Lucas Brodan,Lucas Brodan,Lucas Brodan,Lucas Brodan,
,Europe,Europe,Europe,Europe,Europe,Europe,Europe,Europe,Europe,Europe,Europe,Europe,Europe,Europe,Europe,
,BTS,BTS,BTS,BTS,BTS,BTS,BTS,BTS,BTS,BTS,BTS,BTS,BTS,BTS,BTS,
,Ramin Djawadi,Ramin Djawadi,Ramin Djawadi,Ramin Djawadi,Ramin Djawadi,Ramin Djawadi,Ramin Djawadi,Ramin Djawadi,Ramin Djawadi,Ramin Djawadi,Ramin Djawadi,Ramin Djawadi,Ramin Djawadi,Ramin Djawadi,Ramin Djawadi,
,Henry Mancini,Henry Mancini,Henry Mancini,Henry Mancini,Henry Mancini,Henry Mancini,Henry Mancini,Henry Mancini,Henry Mancini,Henry Mancini,Henry Mancini,Henry Mancini,Henry Mancini,Henry Mancini,Henry Mancini,
,V.K.,V.K.,V.K.,V.K.,V.K.,V.K.,V.K.,V.K.,V.K.,V.K.,V.K.,V.K.,V.K.,V.K.,V.K.,
,Boney M.,Boney M.,Boney M.,Boney M.,Boney M.,Boney M.,Boney M.,Boney M.,Boney M.,Boney M.,Boney M.,Boney M.,Boney M.,Boney M.,Boney M.,
,James Hannigan,James Hannigan,James Hannigan,James Hannigan,James Hannigan,James Hannigan,James Hannigan,James Hannigan,James Hannigan,James Hannigan,James Hannigan,James Hannigan,James Hannigan,James Hannigan,James Hannigan,
,Shakin' Stevens,Shakin' Stevens,Shakin' Stevens,Shakin' Stevens,Shakin' Stevens,Shakin' Stevens,Shakin' Stevens,Shakin' Stevens,Shakin' Stevens,Shakin' Stevens,Shakin' Stevens,Shakin' Stevens,Shakin' Stevens,Shakin' Stevens,Shakin' Stevens,
,Wham!,Wham!,Wham!,Wham!,Wham!,Wham!,Wham!,Wham!,Wham!,Wham!,Wham!,Wham!,Wham!,Wham!,Wham!,
,Jose Feliciano,Jose Feliciano,Jose Feliciano,Jose Feliciano,Jose Feliciano,Jose Feliciano,Jose Feliciano,Jose Feliciano,Jose Feliciano,Jose Feliciano,Jose Feliciano,Jose Feliciano,Jose Feliciano,Jose Feliciano,Jose Feliciano,
,Brenda Lee,Brenda Lee,Brenda Lee,Brenda Lee,Brenda Lee,Brenda Lee,Brenda Lee,Brenda Lee,Brenda Lee,Brenda Lee,Brenda Lee,Brenda Lee,Brenda Lee,Brenda Lee,Brenda Lee,
,Idina Menzel,Idina Menzel,Idina Menzel,Idina Menzel,Idina Menzel,Idina Menzel,Idina Menzel,Idina Menzel,Idina Menzel,Idina Menzel,Idina Menzel,Idina Menzel,Idina Menzel,Idina Menzel,Idina Menzel,
,Bobby Helms,Bobby Helms,Bobby Helms,Bobby Helms,Bobby Helms,Bobby Helms,Bobby Helms,Bobby Helms,Bobby Helms,Bobby Helms,Bobby Helms,Bobby Helms,Bobby Helms,Bobby Helms,Bobby Helms,
,Dean Martin,Dean Martin,Dean Martin,Dean Martin,Dean Martin,Dean Martin,Dean Martin,Dean Martin,Dean Martin,Dean Martin,Dean Martin,Dean Martin,Dean Martin,Dean Martin,Dean Martin,
,John Lennon,John Lennon,John Lennon,John Lennon,John Lennon,John Lennon,John Lennon,John Lennon,John Lennon,John Lennon,John Lennon,John Lennon,John Lennon,John Lennon,John Lennon,
,Katherine K. Davis,Katherine K. Davis,Katherine K. Davis,Katherine K. Davis,Katherine K. Davis,Katherine K. Davis,Katherine K. Davis,Katherine K. Davis,Katherine K. Davis,Katherine K. Davis,Katherine K. Davis,Katherine K. Davis,Katherine K. Davis,Katherine K. Davis,Katherine K. Davis,
,Camila Cabello,Camila Cabello,Camila Cabello,Camila Cabello,Camila Cabello,Camila Cabello,Camila Cabello,Camila Cabello,Camila Cabello,Camila Cabello,Camila Cabello,Camila Cabello,Camila Cabello,Camila Cabello,Camila Cabello,
,Mike O'Donnell,Mike O'Donnell,Mike O'Donnell,Mike O'Donnell,Mike O'Donnell,Mike O'Donnell,Mike O'Donnell,Mike O'Donnell,Mike O'Donnell,Mike O'Donnell,Mike O'Donnell,Mike O'Donnell,Mike O'Donnell,Mike O'Donnell,Mike O'Donnell,
,Touhou,Touhou,Touhou,Touhou,Touhou,Touhou,Touhou,Touhou,Touhou,Touhou,Touhou,Touhou,Touhou,Touhou,Touhou,
,Sans9985,Sans9985,Sans9985,Sans9985,Sans9985,Sans9985,Sans9985,Sans9985,Sans9985,Sans9985,Sans9985,Sans9985,Sans9985,Sans9985,Sans9985,
,Red Velvet,Red Velvet,Red Velvet,Red Velvet,Red Velvet,Red Velvet,Red Velvet,Red Velvet,Red Velvet,Red Velvet,Red Velvet,Red Velvet,Red Velvet,Red Velvet,Red Velvet,
,Ligeti György,Ligeti György,Ligeti György,Ligeti György,Ligeti György,Ligeti György,Ligeti György,Ligeti György,Ligeti György,Ligeti György,Ligeti György,Ligeti György,Ligeti György,Ligeti György,Ligeti György,
,Sebero,Sebero,Sebero,Sebero,Sebero,Sebero,Sebero,Sebero,Sebero,Sebero,Sebero,Sebero,Sebero,Sebero,Sebero,
,Albert Lavignac,Albert Lavignac,Albert Lavignac,Albert Lavignac,Albert Lavignac,Albert Lavignac,Albert Lavignac,Albert Lavignac,Albert Lavignac,Albert Lavignac,Albert Lavignac,Albert Lavignac,Albert Lavignac,Albert Lavignac,Albert Lavignac,
,Maurice Ravel,Maurice Ravel,Maurice Ravel,Maurice Ravel,Maurice Ravel,Maurice Ravel,Maurice Ravel,Maurice Ravel,Maurice Ravel,Maurice Ravel,Maurice Ravel,Maurice Ravel,Maurice Ravel,Maurice Ravel,Maurice Ravel,
,Kurokotei,Kurokotei,Kurokotei,Kurokotei,Kurokotei,
,Kevin MacLeod,Kevin MacLeod,Kevin MacLeod,Kevin MacLeod,Kevin MacLeod,Kevin MacLeod,Kevin MacLeod,Kevin MacLeod,Kevin MacLeod,Kevin MacLeod,Kevin MacLeod,Kevin MacLeod,Kevin MacLeod,Kevin MacLeod,Kevin MacLeod
,John Williams,John Williams,John Williams,John Williams,John Williams,John Williams,John Williams,John Williams,John Williams,John Williams,John Williams,John Williams,John Williams,John Williams,John Williams,
,Initial D,Initial D,Initial D,Initial D,Initial D,Initial D,Initial D,Initial D,Initial D,Initial D,Initial D,Initial D,Initial D,Initial D,Initial D
,The Living Tombstone,The Living Tombstone,The Living Tombstone,The Living Tombstone,The Living Tombstone,The Living Tombstone,The Living Tombstone,The Living Tombstone,The Living Tombstone,The Living Tombstone,The Living Tombstone,The Living Tombstone,The Living Tombstone,The Living Tombstone,The Living Tombstone,
,Darude,Darude,Darude,Darude,Darude,Darude,Darude,Darude,Darude,Darude,Darude,Darude,Darude,
,ExileLord,ExileLord,ExileLord,ExileLord,ExileLord,ExileLord,ExileLord,ExileLord,ExileLord,ExileLord,ExileLord,ExileLord,ExileLord,ExileLord,ExileLord,
,UChallenge 1,UChallenge 1,UChallenge 1,UChallenge 1,UChallenge 1,UChallenge 1,UChallenge 1,UChallenge 1,UChallenge 1,UChallenge 1,UChallenge 1,UChallenge 1,UChallenge 1,UChallenge 1,UChallenge 1,
,UChallenge 2,UChallenge 2,UChallenge 2,UChallenge 2,UChallenge 2,UChallenge 2,UChallenge 2,UChallenge 2,UChallenge 2,UChallenge 2,UChallenge 2,UChallenge 2,UChallenge 2,UChallenge 2,UChallenge 2,
,UChallenge 3,UChallenge 3,UChallenge 3,UChallenge 3,UChallenge 3,UChallenge 3,UChallenge 3,UChallenge 3,UChallenge 3,UChallenge 3,UChallenge 3,UChallenge 3,UChallenge 3,UChallenge 3,UChallenge 3,
,UChallenge 4,UChallenge 4,UChallenge 4,UChallenge 4,UChallenge 4,UChallenge 4,UChallenge 4,UChallenge 4,UChallenge 4,UChallenge 4,UChallenge 4,UChallenge 4,UChallenge 4,UChallenge 4,UChallenge 4,